Date,AAPL,MSFT,GOOGL,AMZN,JPM,XOM,JNJ,PG
2024-06-25,0.004468216697492089,0.0073266824905762196,0.026838770985927685,0.004149318226444709,-0.0040729509018665455,0.0028057316732723603,-0.01294244561386293,-0.00949824063164273
2024-06-26,0.019993239075961844,0.002683375567960944,-0.0008151528185939005,0.03901472799901873,-0.0032312344358578216,0.00034961943980960086,-0.0025141146018885507,0.003596140445230933
2024-06-27,0.003985845650497977,0.0015260025068670746,0.008320656213227196,0.0218997235669518,0.008813182633480965,0.004282979120814989,-0.006947135530300685,-0.004956974727063912
2024-06-28,-0.01625397039916232,-0.013028605160296913,-0.017582769360398487,-0.023249966952787915,0.01551466486808728,0.0019146752415679646,0.0024692982587311008,-0.010202793440701519
2024-07-01,0.029104580679812697,0.02188167432921384,0.004611582890857724,0.02043982896891161,0.015771667688092794,-0.0013899329505969726,0.0019153925742654287,-0.013339866556479452
2024-07-02,0.01623979545174392,0.005583130550511628,0.012295862333801422,0.014198798656638534,0.016451704218406027,-0.006784999976613193,-0.002799607706431395,0.007251787350084804
2024-07-03,0.0058110740627908,0.003244148714671047,0.003130987227607518,-0.012050018310546862,-0.0006703247062023188,0.00507970218336351,-0.002328275962134918,-0.00042700793810901416
2024-07-05,0.021620506729996825,0.014736192606232379,0.025723976347648225,0.012196992290986808,-0.013250596108273283,-0.012112106576258164,0.005422524126341477,0.008423463430071498
2024-07-08,0.006538882794260736,-0.0028231331978693097,-0.008237287711713503,-0.0035500335693359197,0.0018557001273924456,-0.010496732463897152,-0.006827098652308683,0.0079291873797247
2024-07-09,0.0037748468300975446,-0.014370303867348166,-0.0002644491441357033,0.0002509059834530092,0.011989909260025966,-0.011053493449781682,0.010791879226331957,-0.0051644802505975695
2024-07-10,0.018803523957963364,0.014601540065147134,0.01164136255242787,0.002257434315787954,0.0008188362995216192,0.008833443623475823,0.016185214361783107,0.0068816610576614146
2024-07-11,-0.02322081988710123,-0.024772086749838218,-0.029343932179566434,-0.023724863074531144,-0.0016843212407061658,0.011883399470307365,0.0018066875647435587,-0.007554148201410316
2024-07-12,0.013050838952069821,-0.0025291985029184394,-0.0026945440682121236,-0.0028710461411536325,-0.012099397033043968,0.000176754375300181,0.0012023221809185358,0.00646377552998012
2024-07-15,0.01674333554866947,0.0009040475949484428,0.007888954599482023,-0.009100746683474936,0.024934330698322738,0.017127255692488186,-0.004270041064759367,-0.012184125541510826
2024-07-16,0.001791826398293006,-0.00978061004420494,-0.013992539543461469,0.0015566783408964557,0.016995865801234356,0.007204255642633495,0.011860088184517004,0.014400241388279555
2024-07-17,-0.025295993622862056,-0.013347573245606315,-0.01576754611659026,-0.02637038381521739,0.015214037288269644,0.013788288534337445,0.036885132821384614,0.014914596222437071
2024-07-18,-0.020534783667068734,-0.007102333483082202,-0.01839575493947665,-0.022242286163404512,-0.03177039419750982,0.009860528315058126,-0.007408531249139427,-0.005901857418474599
2024-07-19,0.000579924625589312,-0.007402807097713238,-0.00016883022031521921,-0.0033741230867346816,-0.0009524447753522791,-0.02297969855857318,-0.004696818256585855,0.003147746454130962
2024-07-22,-0.0015603672616408826,0.013337632608150907,0.022571158461756724,-0.003167158934036185,0.0023834951580845587,-0.006892502897495989,-0.0029090004038190287,0.0017264467080924106
2024-07-23,0.00468827999410637,0.004312061462516503,0.0006605260763490328,0.021144894800451786,0.00023786556305083195,-0.01613595646434829,-0.01225346791915638,-0.009687922495099865
2024-07-24,-0.02875424951399197,-0.035854723435217006,-0.05038777754084989,-0.029934025650088625,-0.008272742837038716,0.014108042456308478,0.025795728166866372,0.00828230823591225
2024-07-25,-0.004804624361154031,-0.02448127055352123,-0.030991243986659534,-0.005419431054668911,0.00038359250046693383,0.021041569633075685,0.02149973499026503,-0.006547708478061742
2024-07-26,0.002161062032699057,0.016419617721143975,-0.0016736867813950118,0.014734466536293178,0.017108340662159716,-0.000851480867662735,0.0062641020951221815,0.013241588278005478
2024-07-29,0.00128453425976649,0.0034332553526217335,0.015149571821295504,0.003835599716395466,-0.006549208596276279,-0.01048311908275279,-0.01294825553532497,0.0048490084667178746
2024-07-30,0.002566195835411511,-0.008928406045442094,0.004482959881835447,-0.008133134602594794,0.020583331650504855,0.017829240262792867,0.01746983478915287,-0.048431813461208506
2024-07-31,0.014990716180744545,-0.010805844697452716,0.007340404024260172,0.029002194810164417,-0.011106498308865342,0.003554197023249772,-0.021570711361488915,-0.0058132453892632
2024-08-01,-0.01675070665527678,-0.002964126621443186,-0.00454696045831382,-0.015563100170141508,-0.022744237010638435,-0.013829190715586193,0.018435132099570595,0.030666969217386653
2024-08-02,0.006869406976909742,-0.020665956124016116,-0.024010251683475814,-0.0878470841762542,-0.04241220308919447,-0.0005984759796291428,0.0210251600120428,0.026495194221005436
2024-08-05,-0.04816702160769737,-0.03265680919372482,-0.04446178156574199,-0.04097671157906757,-0.021291587927056765,-0.01805258032020174,-0.017606875448901493,-0.01187678170288009
2024-08-06,-0.009748152083675299,0.011286771846602317,-0.006028531534648218,0.005651399696776416,0.027911936461451292,-0.005314959987131607,-0.01413966440217973,0.00017843919917326367
2024-08-07,0.012498225875941849,-0.0029528813437053048,0.004106635555644056,0.0051874985158653075,0.000299363845901901,0.013314616504232601,-0.0004402875055061761,0.01148197843115839
2024-08-08,0.016633349647083184,0.010691979544952934,0.019441227716297194,0.018615215947435537,0.018263470026921302,0.019104348402983584,0.008307252373507934,0.004999343267960699
2024-08-09,0.01373577511743096,0.008269380323371767,0.01012161655095034,0.00687575011257735,0.008527011822581088,0.008143232545563484,0.002496328232387768,-0.0019312070067180054
2024-08-12,0.007129995240501286,0.0019457792766988113,-0.008431631752983337,-0.000838620987187122,0.0018951245459852828,0.001262063932096602,-0.004606797867267143,-0.02187162295225953
2024-08-13,0.0171929644535036,0.017698667984344718,0.011522527690913442,0.020563504874259175,0.008487287071263783,-0.009579760132873094,-0.009319672211459462,0.0028773796047201206
2024-08-14,0.002033800001028263,0.00688390426922747,-0.023087149399277918,-0.0007636117446156998,0.011060911017392705,0.009248267064569937,0.0005682296124813746,0.009026379295599796
2024-08-15,0.013530569226876787,0.01182378346496571,0.005799173869651009,0.04403286281963403,0.006230853264007852,0.006186386511385589,0.003849090228006613,-0.005213321845609298
2024-08-16,0.005918521088720485,-0.006080326718074236,0.01029144509208324,-0.002984395462729106,0.011439388554476126,-0.004716619265630051,0.0018856968835652133,-0.00017858796890168893
2024-08-19,-0.0007078256009666051,0.007312383790385901,0.022766306568296146,0.006551472258579993,0.006916809353615827,0.0030465107896915367,0.0015057384430698928,0.0031566967549740976
2024-08-20,0.0027445628520750276,0.007757411317865115,0.003059789425671866,0.003703308593809629,-0.00431651642416353,-0.033324876050577545,0.003320270036624162,0.011815691200708356
2024-08-21,-0.0004856079842504579,-0.0015535533791516398,-0.007955411068354845,0.006876093995775934,0.0003729150349174315,-0.0063710387502456944,0.007929612788053486,-0.0014670189488306118
2024-08-22,-0.00825961814773346,-0.02025300554237497,-0.012360769476743805,-0.022097583221652117,0.009459468131080007,0.007729363659596311,0.0056990388855586716,-5.8714362143663656e-05
2024-08-23,0.010288105431222272,0.0029841662275449377,0.011111125713624936,0.005166572293719973,0.007755231116671979,0.01385858037676524,0.010963941317015946,-0.005759700417037328
2024-08-26,0.0014988234276755996,-0.00791764397142003,0.0032607871177277037,-0.00869856159361615,0.00393927665684024,0.02140655486980858,0.0029246049574331856,0.006975265484455262
2024-08-27,0.0037415861342333656,0.0008464010035587055,-0.008907250053464932,-0.013561281383547064,0.00460825466037984,-0.009511101182503534,-0.0025710292701567328,-0.00645719415714574
2024-08-28,-0.006753463329221332,-0.007829036857176286,-0.011112534510164807,-0.013401063602498708,0.0050413130159634445,-0.009857226526658658,0.005952629783076979,-0.0011227041917658553
2024-08-29,0.014570067023204292,0.006137341901879756,-0.006570468121894324,0.007728290643119529,0.004157537510932174,0.013817423126329942,0.0018912465751590446,0.005737550376127221
2024-08-30,-0.003437840233254219,0.009730832455291827,0.009890139865968761,0.037067191865004956,0.011655577530814254,-0.0016084023062363784,0.009925184885822613,0.00888082701444115
2024-09-03,-0.027205145729960245,-0.01845907539064151,-0.036846618801235964,-0.012605042016806678,-0.02001775506821435,-0.020942709033233364,0.007838014054096787,0.017372056727912977
2024-09-04,-0.008618830572081126,-0.0013189247374071345,-0.005782875551259559,-0.016567365497562103,-0.004403051707638439,-0.012211171572965918,0.001196344977681063,0.007907392760525322
2024-09-05,0.006927777412329972,-0.001247191133668113,0.005049507821149657,0.026308183871355473,-0.007750910290471702,-0.00780292700637808,-0.01416114148758496,-0.002444511612952338
2024-09-06,-0.0070149173973670376,-0.016381396086042277,-0.04019349831880048,-0.03653943460735232,-0.02375591535922361,-0.004683110209060315,-0.0036970524999524468,0.0006838885353699364
2024-09-09,0.0004074774514175594,0.010007472309666143,-0.013335898111994204,0.023396899008788496,0.020474439228757024,0.0210405562598317,0.013566054549129625,0.0026766038730050568
2024-09-10,-0.0036214743687437156,0.020901166076213284,-0.0003363237960702925,0.023660258265018275,-0.051888685118884226,-0.03643176741955634,0.004621571051327766,0.009826270448925145
2024-09-11,0.01158516134953147,0.021342404700704476,0.016816889155439885,0.02768031821904482,0.008124052582727082,-0.009925982497528407,-0.015294468797301453,-0.02176726486477154
2024-09-12,0.0004941426455942199,0.009360684321303658,0.023352887364614716,0.013440254011034547,-0.003040147948469185,0.013762368711120132,-0.001092064966487838,-0.0025875068968473913
2024-09-13,-0.0012120769626086103,0.008407442374509522,0.017906708692264406,-0.0027272433520638684,-0.011035735858227258,-0.0007192669595033063,0.005344896890501216,0.0035165533077909927
2024-09-16,-0.027775211743860106,0.0017419144085588645,0.0038105400984422833,-0.008579580976924128,0.01732577580812067,0.014035037713255871,0.00888103973450427,0.018152558590557533
2024-09-17,0.0021725833217434154,0.008832800510798045,0.00797163120567368,0.010763186217390919,0.00668706072710723,0.013042330333899788,0.0004792363853387549,-0.007673394776409603
2024-09-18,0.017989782608479832,-0.009973425861081964,0.0030755508502511297,-0.0024080275860086653,-0.00821975194372171,0.0035033479432393655,-0.005506803710139563,-0.011143748907642692
2024-09-19,0.03706551490586163,0.018291065191644806,0.014579760604464642,0.01845197970580159,0.014214772102280726,0.012392993980513634,-0.008004726878089952,-0.013684503387003555
2024-09-20,-0.002927465514640293,-0.0077959758173248295,0.00894305847731891,0.009111555436973395,0.0028982248476212558,-0.006293049031479536,-0.004004465116206668,0.015623211970011708
2024-09-23,-0.007581022927789394,-0.004043347413963727,-0.010636509364065128,0.011899784481557152,0.0016580697539567701,0.018131397328251753,-0.005726076274261138,-0.0025828678513053482
2024-09-24,0.003974067552903193,-0.010011368476829707,0.0027185507286804356,0.0004126358007008335,0.0007092325473507799,-0.0026414672831858166,-0.0026957478535014623,-0.003049973009739637
2024-09-25,-0.004398091960473471,0.006850484405431345,-0.004929384224380828,-0.007372694808574054,-0.006616383300636075,-0.019478981151286323,-0.013392092727909533,-0.005657059194737357
2024-09-26,0.005080203045133791,-0.0018515011179395247,0.007678604506272224,-0.007115748848874004,-0.0019507302059698084,-0.017164731423887525,0.004918770820269813,0.005514969434745831
2024-09-27,0.0011865018789432025,-0.0076278547513093375,0.007496946102783619,-0.016687603998192135,0.0034322964084367857,0.026773104017516758,6.18714228410866e-05,0.00196298205306511
2024-09-30,0.022872213202776548,0.005326879698962728,0.011588937673844502,-0.008724793206352333,0.0017101652302495829,0.012087813244279655,0.004089318932119612,-0.0020167958864585334
2024-10-01,-0.029141661070524294,-0.022333330720726408,0.0068736110906642,-0.006440170323887107,-0.018116260247189153,0.02311894821306515,-0.0004317050092913499,-0.0009238639219509848
2024-10-02,0.002519743152971543,-0.008462204421351927,-0.006766822431281572,-0.0019986515757441925,0.0012074809999875757,0.013257622470817854,-0.005062282409323049,-0.006472380994259619
2024-10-03,-0.004894699394075497,-0.0014144795110020425,0.0,-0.015154729791167831,-0.009937830241288137,0.008722904781296448,-0.004157010715383547,-0.01046996817065704
2024-10-04,0.005007402516726156,-0.0011524106545616197,0.0072350170938793035,0.02500542770436165,0.03549368290603905,0.018355409480850238,-0.0013085018567484674,-0.007288870129285585
2024-10-07,-0.022530848527954284,-0.015670683835388277,-0.024422453832752655,-0.03061493551686767,-0.0013730101538249606,0.004325762628267338,-0.004741397024730087,-0.010421704087098527
2024-10-08,0.018404049879838347,0.012623846118859916,0.00859018411925394,0.010619458719785868,-0.0008533257515304093,-0.02656144699694729,0.0010028913250401672,0.0062231092762110585
2024-10-09,0.016698314779687973,0.006631092232519009,-0.0153303768373938,0.013408477078997505,0.012669135046767366,0.0004096646418751959,0.006011620358270298,0.0066007955974922705
2024-10-10,-0.00217825702468466,-0.003880536746806329,0.0013590489750019419,0.007992632403596822,-0.0027177132051833253,0.00860029516080063,-0.0008714869522888913,-0.0018904382524674856
2024-10-11,-0.006505274292756158,0.0011543505189741676,0.00715703893135089,0.011626110360002828,0.044399531700503925,0.0038168156872608883,0.005918798238210732,0.012666498944418958
2024-10-14,0.016479864556647295,0.006773562393339816,0.010536742761862783,-0.006779016992029097,-0.0036439742079550363,0.003802368380876331,0.0008671148265517736,0.008299686796162664
2024-10-15,0.011024618277751363,-0.0009543604150079599,0.003031091753430859,0.0007998782160802964,0.004108781415726792,-0.030061351291672977,0.015470268305910473,0.0061446853225584075
2024-10-16,-0.008851884000882437,-0.006256780950302132,-0.0018131963234908621,-0.004262363692000948,0.005620761879753022,0.002575909517736452,0.0010968565341931136,-0.006856002218440738
2024-10-17,0.0015963480057223922,0.0014418556163513507,-0.013502200484632909,0.0034244710350397334,0.003487757219456933,-0.0025692912559365233,0.0011565353074500795,-0.0005803238500119434
2024-10-18,0.012276553423913317,0.0034556642384229175,0.0030075012226515874,0.007785456851548744,0.004233152440946686,-0.00282505244257103,0.0039519821451838855,4.0826264203763785e-05
2024-10-21,0.006297767638606677,0.001482547655590194,0.003977618215743606,0.0004233124965837831,-0.010516072669498722,0.0005832722685452651,-0.013868490988048321,-0.01015882995219064
2024-10-22,-0.002621721799490939,0.02084633395421065,0.006521484593813964,0.003332044214411578,0.0050224490605059735,0.005163200841263871,0.0038074190138450703,0.0009439156621198208
2024-10-23,-0.021622949868696395,-0.006806879501463303,-0.014290981401899105,-0.026304640562205495,-0.003167917899473238,-0.0035625236493275203,0.01474475898853811,-0.0007071286736322069
2024-10-24,-0.0008234200926761082,0.0003061349115640599,-0.0003683834025023369,0.009041189476714617,0.007027411093162295,-0.0056539301759749305,-0.013203993715982465,0.00023587635280986063
2024-10-25,0.0036432362168163923,0.008052067657766226,0.01567098232013997,0.007779788122410869,-0.011867671425319859,-0.0008362496870990554,-0.0170464338315941,-0.008253819180872868
2024-10-28,0.008599370511064741,-0.0036434487624480427,0.00877359495976826,0.002981406341556969,0.014349333729627878,-0.004937556147791788,0.0044754394791506336,0.006420150424183868
2024-10-29,0.0011567424178604568,0.012564713934255511,0.01775407027408349,0.012951868195294036,-0.011530055563582553,-0.013624991690254551,-0.009344130528014638,-0.012581260604183186
2024-10-30,-0.015277910911375314,0.001342740708209167,0.02817071446813668,0.009956473710913016,0.006774441237229256,-0.005030736267362057,0.0032482455979634395,-0.006041622580589379
2024-10-31,-0.018209361254296064,-0.06052751420380775,-0.019202040669026754,-0.03284388507953562,-0.01109574728218199,0.0007713568608374022,-0.00466977792259049,-0.0058980601954485845
2024-11-01,-0.013279750773728338,0.009892952682746703,0.0010519772991159915,0.06185621865256041,0.00459616435714727,-0.015670552498243673,0.0016890233833386503,-0.0004842229241888152
2024-11-04,-0.004037466931743783,-0.004654369169362127,-0.011967853829666586,-0.01086239567545566,-0.01417421450539924,0.03183998596067106,-0.011802927475140002,-0.0001211865695633918
2024-11-05,0.006486217739428035,0.007344552266455251,0.002954345919064627,0.0190009257528736,0.007780555618785989,0.002950784351255731,0.0006951465743343377,0.004119302469915986
2024-11-06,-0.0032669283786925796,0.021192983954845035,0.03988433825974713,0.038045094425516846,0.11544546802609346,0.01714864477795608,-0.0029680348427026937,-0.028414536601463203
2024-11-07,0.021372175812722327,0.01249453418437807,0.024021360517632928,0.01429333510169939,-0.04322843424153733,0.0012397575229055047,-0.00728415989883735,0.014653702639821686
2024-11-08,-0.0011882648656780237,-0.006793103939828682,-0.013277922918229046,-0.008902691496347037,0.002538328162923653,-0.0003301526207040162,-0.00803924762901409,0.026314366527674604
2024-11-11,-0.012028588279958119,-0.010720899698523634,0.011213846514409598,-0.006436720074140534,0.009747544758040183,-0.005284520184332564,-0.002765797432245587,-0.010017458251430633
2024-11-12,0.0,0.012009349709882988,0.007041993886011566,0.010007771034946433,0.0011282550002253977,-0.0009961156988921305,-0.015479960016900551,-0.0011444887082602273
2024-11-13,0.003969087468056243,0.00512962033919484,-0.015086518858824949,0.024843245179395845,0.0066790237976013245,0.009306193364054582,0.003931075499918668,0.004462266936246406
2024-11-14,0.013770514347363871,0.003974647541107101,-0.01844814099561709,-0.012237320417028852,0.0029440777231299897,0.0006640216691962131,-0.008940374665887818,0.003001602069209852
2024-11-15,-0.014109245028521067,-0.02785270903901138,-0.017598868349315455,-0.041942478231440816,0.01422258537008303,-0.010368220984453669,0.014025190526788078,0.014723310872121864
2024-11-18,0.01342227508118854,0.0018314336918336949,0.016290928631273127,-0.004491405455644082,-0.0011414191229709436,0.008381464364045632,0.0050001035573672414,0.007137108483561416
2024-11-19,0.0011401709919756087,0.004882634949881393,0.01608655250092772,0.014427385751800914,-0.007917459386383552,-0.013963892142432321,-0.01143643547495643,5.854175921427007e-05
2024-11-20,0.003154131893945644,-0.00550530397260085,-0.012014408082264838,-0.00845508881471324,-0.00950260866773922,0.014245907130467694,0.0007188494218930419,0.000761277516738712
2024-11-21,-0.0020960983788866905,-0.004316785494254294,-0.04744849111218852,-0.022180598835253806,0.016529581164232976,0.01338097373226721,0.015609663976738686,0.010884124986655141
2024-11-22,0.0059075169290669916,0.010003281897984051,-0.017121149967305516,-0.006351495788949668,0.015484664423734529,-0.0011481531787814747,-0.0021220835009141403,0.020434364557571305
2024-11-25,0.013050866513805381,0.004292487169968773,0.017540833015512236,0.021966324768223133,0.007000587005939307,-0.014943674903985738,0.003931228345913418,0.006296718739350782
2024-11-26,0.009404410213577297,0.02196795832480758,0.008768117342518256,0.03181932866326265,-0.0012784879196405807,-0.01667090961451978,-0.00012943376227214642,0.010823585482907072
2024-11-27,-0.0005530768936284902,-0.011682361162067223,0.000650490069448173,-0.010199148999145757,-0.0007201801942076091,-0.0026277964080213545,0.005694999557007474,0.00027882393376432724
2024-11-29,0.010215883411244464,0.0011111080287555808,-0.001654386560776988,0.010450052683389277,-0.0002802054411626953,0.0025496937867088842,-0.002509683738716628,-0.0005576696320443997
2024-12-02,0.009522535772919394,0.017758434939384893,0.01503385651208533,0.01356490130596999,-0.013895634191167794,-0.000932433089040563,-0.0013546261776431479,0.002454619068616992
2024-12-03,0.0127718170011486,0.0005105044256614732,-0.0008746753546786667,0.012956175029913197,-0.005807079313691843,-0.001527390592443889,-0.015762342140075658,-0.02381742406863463
2024-12-04,0.001483607037725987,0.01442490064923807,0.01768412494071403,0.02211394849472459,-0.005800128944590477,-0.028809485384276967,-0.012404832191679649,-0.0017672062079697737
2024-12-05,0.00012347709736815204,0.01188775106444706,-0.009921427514636538,0.010955259211262725,0.008545604252164107,0.004375291803028425,-0.00631345046246079,0.005253738603589131
2024-12-06,-0.0008229105266140957,0.0021464055660036507,0.011990435190302184,0.029381072944344444,0.00765851585229016,-0.010541837042771118,-0.0014046834692714727,-0.0125545401116397
2024-12-09,0.016101137954386058,0.005523339940131544,0.004927986634395198,-0.004140432746599476,-0.014351679689162067,-0.00589950763088487,0.0019424231281255366,-0.01743181143074013
2024-12-10,0.004133717309796614,-0.006031153633207054,0.055881794717724365,-0.004644181824783544,-0.0038964291261255335,-0.0020371994088912437,-0.002473382520388534,0.00872412204205375
2024-12-11,-0.005165924914445674,0.012767049084456916,0.05524664219455455,0.02319588240507109,0.0027588015343258387,-0.006656611657241629,-0.017355648225278242,-0.009577480951027173
2024-12-12,0.005963647944602135,0.0012695996160114742,-0.017604878675231972,-0.0056023335225716675,-0.008212548465005076,-0.0008935102008424955,-0.002727919176042204,0.001289476539583223
2024-12-13,0.0006855702389934049,-0.0050939394278674,-0.011148289833801672,-0.006594726378065796,-0.006583055193655207,-0.008764159209847855,0.0025986011479945947,0.0012291224062299655
2024-12-16,0.011727658976129263,0.009658515482642294,0.03603421754958469,0.024048121869595374,-0.0015003739624566137,-0.021382131948666783,-0.018892425201352148,0.00046767114078871685
2024-12-17,0.009719587636433547,0.006355418486080788,-0.006305424190385045,-0.00764177579215608,-0.005092178898612687,-0.004240652875196149,0.01779628175076975,-0.004733026477461988
2024-12-18,-0.021421730443265674,-0.037560990889748624,-0.03592269313177554,-0.045987410359975445,-0.03352073225569552,-0.014720990943686063,-0.011338139615905685,-0.007338749871944827
2024-12-19,0.0070146708943221725,-0.0008232631096937171,0.0005839047613231951,0.012561168873593154,0.011242673659661806,-0.00855097827801432,-0.00808267370948923,0.0006507897404932628
2024-12-20,0.01881582123937009,-0.0009838401916806294,0.015383893096149626,0.00729994595290151,0.019917673418444082,0.0034120555039851563,0.006198472951060907,-0.006679030893817162
2024-12-23,0.0030649197836760678,-0.003091992159720114,0.016822654581893692,0.0006224408269079884,0.0033248819158735454,0.0040616142997413895,0.0055375680529627935,0.0002975830807139257
2024-12-24,0.01147819717637466,0.009373777940987038,0.007603990102920566,0.017728630305015702,0.016443732917169607,0.0009406738977548734,0.003992556247353951,0.004937067187731126
2024-12-26,0.0031755732672802406,-0.0027768663772489433,-0.002600449275166228,-0.00873171784917226,0.0034252296379622127,0.0008458410117244686,-0.0018513574313598902,0.0072216252541843495
2024-12-27,-0.01324219798159354,-0.017301488523741138,-0.014519494033790936,-0.014534256804240364,-0.008102266363462562,-9.386945160594351e-05,-0.00364044572223321,-0.003702506532667682
2024-12-30,-0.013263394237144288,-0.013239648540730231,-0.007885444183170942,-0.010949707031249978,-0.007670853632960606,-0.006761869916495744,-0.011789091837074772,-0.014392703504795823
2024-12-31,-0.007057799586427715,-0.0078383453304397,-0.010144384231546066,-0.008630834323407832,0.0016296213224149536,0.017114239675909193,0.008929800548449274,0.0033514802894383244
2025-01-02,-0.02623592067791325,-0.006927654396926108,0.000686707339187631,0.003783225458606987,0.0012097594834334924,-0.002417070846965963,-0.004148813264592155,-0.00996113711891422
2025-01-03,-0.0020095092420736593,0.01139567952579168,0.012458403768687232,0.018027432561515733,0.013666618901990057,0.005125310942950767,0.001180550733044461,-0.00512106395882006
2025-01-06,0.006739006166805561,0.010629484417451707,0.026487467288043964,0.015254909370185477,-0.004875504685610044,-0.00111249751120579,-0.003675869757717276,-0.02743294374615768
2025-01-07,-0.011387777630552542,-0.012808270090346574,-0.007009720972279587,-0.02416414035082548,0.00963261970462126,0.009374389431459518,0.017889659275997394,0.004358695031564608
2025-01-08,0.0020230523611650675,0.005185057215042033,-0.007877717042277466,9.006470850470016e-05,-0.00016451399630501573,-0.016735541804689058,-0.02708068358525717,0.004959691423251034
2025-01-10,-0.02410378997014162,-0.013213658130698636,-0.009847871761844762,-0.014360970473526025,-0.013408487486510356,-0.003647418600845276,-0.00147615365856546,-0.021838568297669725
2025-01-13,-0.01034410835976085,-0.0042009383360923636,-0.005363519156098784,-0.0021923619356289947,0.018093248736267276,0.025811918956818003,0.016964598511142848,0.0017659897239843403
2025-01-14,-0.004778134860750183,-0.003643466142500218,-0.007067702477140836,-0.003204303696411115,0.013349060101501387,0.003934588556298024,0.001938049764372174,0.005666017143723945
2025-01-15,0.01967588958356825,0.025597155275675076,0.03105563037263659,0.025670516796895804,0.019719622692678573,0.016314196261465685,0.001520176695962494,-0.0005633895296895952
2025-01-16,-0.04040017608687774,-0.0040581502324681384,-0.013500380501207387,-0.012043887924316987,0.007608413787260515,-0.00170380358460831,0.01931419817039659,0.005324309772340108
2025-01-17,0.007535178800128772,0.010481088584435527,0.016017832116733688,0.023928209424767255,0.01923158955734916,0.008983044500804338,-0.005007918991818072,0.003925150638869113
2025-01-21,-0.03191579433189162,-0.0012353857550320146,0.01045920619249241,0.021111818274402117,0.014932865427260689,-0.007567611237676131,0.007617655137807766,0.003661656472002006
2025-01-22,0.005344970004767413,0.04130689702685242,0.0016157109496053312,0.018638063663626525,-0.0007223794584320098,-0.017403858517385573,-0.01943979960031683,0.01867426055543242
2025-01-23,-0.000759478195257568,0.001143002198113141,-0.0019660824297862423,0.0017446222360446573,0.01183236398611065,0.005660643869422888,0.009430781900499285,0.008558898668346693
2025-01-24,-0.0039345742628749125,-0.005932318562008931,0.01126400534019334,-0.002421170970448472,-0.0041738126185180136,-0.013527123419463716,0.0012273359231107506,-0.006194637193590702
2025-01-27,0.031780286792531864,-0.021393408400510627,-0.04195617380410788,0.0024270472668348475,0.0038136739109055906,0.01389660533161341,0.041343300699727914,0.03375579365493375
2025-01-28,0.03654387946504345,0.029086845264230776,0.01819523520804478,0.011596277923593856,0.004852420982579098,-0.019333823699224872,-0.016416954899627578,-0.020452608733823707
2025-01-29,0.004616873847964831,-0.010890032833749341,0.0005632751512723022,-0.004534900692607424,-0.0020965340748305694,0.005831233887814591,0.005120205074654605,0.00024046467279315031
2025-01-30,-0.007394699851351549,-0.06180906066178271,0.027941149690325906,-0.010250170242948609,0.006189737597539269,0.008282018539346625,0.011379485115485366,0.007098654044641162
2025-01-31,-0.006692219313426562,0.00016868857321306052,0.015681804888187933,0.012955989149507907,-0.0034671870598184107,-0.025006820361161308,-0.004709998556306383,-0.008482118889872603
2025-02-03,-0.033855973855805965,-0.009974382558504913,-0.013675177691001905,-0.0010938846972727845,-0.0018331936636657442,0.0024336634795603107,-0.00184022376552484,0.016687803256617784
2025-02-04,0.02100795002801048,0.0035287005158499696,0.025592707650813784,0.019543422733693472,0.0042352111364032385,0.026799922600474257,0.010666989413836925,-0.0037329655309776832
2025-02-05,-0.0014175532806101065,0.0022309965417419697,-0.07292374115220157,-0.024332807771026643,0.009293029929642982,-0.0007275493789513643,0.007818116649159546,0.0052338775714206864
2025-02-06,0.0032262253810400043,0.006121601937848498,0.0014111922141120115,0.011263088803542765,0.023924823472952106,-0.013196178212167453,-0.007628056809292905,-0.0007691713865253247
2025-02-07,-0.023968751732536098,-0.014597671769007281,-0.032672340039225256,-0.04053095448794508,-0.00397247214719354,0.0042424387594706126,-0.002540686038055462,-0.005388437797312906
2025-02-10,0.0011873911085920064,0.006028060611596331,0.0060969130358787815,0.017412199866636335,-0.01725882863147543,0.01910186712807893,0.007314575880456253,-0.002619431943904349
2025-02-11,0.021831693659159157,-0.00189216424216343,-0.0061671470072507395,-0.0016299428832775575,0.014573478571892284,0.006307898583854277,0.012253632302787087,0.011341177224869048
2025-02-12,0.018270203159199028,-0.005833231074290346,-0.009227261158622047,-0.01645472556041927,0.0016728779203223354,-0.030086785200437505,-0.005572419248957239,0.0008853842700116132
2025-02-13,0.01967319998593431,0.0036671419446496767,0.013779243561339527,0.006290143220533118,0.0031584544540139703,0.007265972609650229,0.012817299990772746,0.008491592657280389
2025-02-14,0.012710634316781988,-0.00513958064542086,-0.004888967775991793,-0.007336035409240549,0.000977076925691156,0.0010172930262413171,-0.006995162235588381,-0.04753849561257428
2025-02-18,-0.0005314862154425226,0.0029626820460606496,-0.007881978338140083,-0.008877028355405714,0.01214795198039842,0.017553574549493245,0.0005163681893571859,0.015593401132135032
2025-02-19,0.0016362166519758858,0.01252303400155963,0.008162359447964729,-8.819331220011328e-05,-0.002500415394114497,0.001452826353202319,0.01871095079040086,0.006407700431005692
2025-02-20,0.003920455054429617,0.005290636980393337,-0.0038322626526801074,-0.016546793977871843,-0.044583918846329396,0.01541240965242241,0.011336810521359375,0.004324549355335439
2025-02-21,-0.0011390214561466383,-0.019032571139321552,-0.026549564694747785,-0.028266344731418536,-0.009594964157329744,-0.011696320447399877,0.01640793985599398,0.01806105515549916
2025-02-24,0.006312366928012514,-0.010313296708191477,-0.0022821614137226165,-0.017868663239768212,-0.01097490345546448,0.0052396445815816595,0.00887258236952082,0.001820997056433571
2025-02-25,-0.00024284817705566564,-0.015099050666393277,-0.02136675050281145,0.000423094048469963,-0.015076184029866768,-0.01384005365566332,0.014351911170111809,0.012372497936404159
2025-02-26,-0.027040125258632197,0.004599282043266761,-0.015334640832625812,0.007283848822975836,0.0054001439146562635,-0.002460641786989015,-0.018122629049106664,-0.007819203002304653
2025-02-27,-0.012730832290805072,-0.018012148260400762,-0.0244891003758565,-0.02617215045770671,0.0010046164821695402,0.006303745643025049,0.00398570423861444,0.0039112740073494745
2025-02-28,0.01913186037915815,0.011362149120895948,0.010563712667962077,0.016958863624485065,0.02161760429511217,0.010712646822025551,0.007878778244556406,0.010873849258685953
2025-03-03,-0.015754294880166553,-0.021411078358706037,-0.01920364880947445,-0.034200087377916355,-0.015227796571758656,-0.03206692523264909,0.013695349987391747,0.01006677777972631
2025-03-04,-0.008822402413990571,0.0003087413301356978,0.02341174628350906,-0.005950644792114046,-0.039789593666430645,-0.0020414982498810907,-0.01111911908551555,-0.013725219266168764
2025-03-05,-0.0008052980890261852,0.03193439701492018,0.012286586386381249,0.022374865016246748,0.005114819348015498,-0.019527551073707627,-0.0018136146878854342,0.008257338703844486
2025-03-06,-0.001739169589466738,-0.01029870731484639,-0.0038723875391053486,-0.03676331176651382,-0.019838575663667535,0.020675188658402677,0.0043000550355840605,0.000286402960643084
2025-03-07,0.01589261720118329,-0.009020163774127177,0.008761315861607333,-0.007224698407026442,-0.01727908773933251,0.013008714803146582,0.005186066299272651,0.007385832683473925
2025-03-10,-0.04847958752014636,-0.03343416579797065,-0.044857972104880406,-0.02363867861413893,-0.041522282348574246,0.025499962941820442,0.006059066147896752,0.0017618875340128515
2025-03-11,-0.029189390099861323,0.0007629062358160965,-0.011032819140868844,0.010537694677220655,-0.01326328168156321,-0.023613571450347814,-0.010972001347338112,-0.017814703638808993
2025-03-12,-0.017478623870416543,0.007412232220403547,0.01871517458704508,0.011699491808345508,-0.005411514437171361,-0.00027490505513061425,-0.018147760189890616,-0.02743752865527227
2025-03-13,-0.03364377414854525,-0.011741194707026503,-0.026030764722875688,-0.025139524437347016,-0.011891116553641279,-0.004215132279015155,0.0008597552777698247,0.0013066513035695504
2025-03-14,0.018170562751941066,0.025846950901899257,0.0167731984265731,0.02093969555611075,0.03219492001989721,0.02972301823088319,-0.0011044500860565298,-0.0036776097073455416
2025-03-17,0.0023888932558169262,0.0003603184031335527,-0.007251223774200621,-0.01116439246854839,0.006410296120666459,0.01662201246720163,0.0001840847673537649,0.010656588287457636
2025-03-18,-0.006121429375262943,-0.013326503254303845,-0.022034168586162806,-0.014917738259935254,0.004445780188659265,-0.0010548766323733583,0.008658916122392668,-0.012075583213543628
2025-03-19,0.01198932032463107,0.011211875593171827,0.020040963015140356,0.014106347155876442,0.01761928322820938,0.015575511366091366,-0.007671076059627691,0.005127653548703037
2025-03-20,-0.005296458501596657,-0.002526803281554413,-0.006650717931464434,-0.003017266841301769,-0.0004182684471767395,0.0042457157841178095,0.00018397823462956708,-0.006050804115828701
2025-03-21,0.019476826454002172,0.011425867808454226,0.007309585587189638,0.006463245885351521,0.010961974686461984,-0.0034513535801957707,0.0037418798613788606,-0.005132928006081783
2025-03-24,0.011270501451998038,0.0046515785995562275,0.022501431511795067,0.03593082692897376,0.026610867700991747,0.002597531598623526,-0.0020779276366400534,-0.006239109086948136
2025-03-25,0.013681841146428786,0.0052915097113976906,0.01717546092271527,0.012053587883713357,0.012376030066051147,0.006822081390740697,-0.013901596066601574,-0.016903039427075606
2025-03-26,-0.009921772080253355,-0.013133913367909145,-0.03224671157882486,-0.022264360904062586,-0.00039818627988064126,0.014409460902673255,0.0043472404339599535,0.022904517274946246
2025-03-27,0.010472664818015787,0.0015643219223575588,-0.01708460658957789,0.0011435177345771042,-0.011592279129477023,-0.0032130390173739087,0.008718882748545154,0.012786760763763505
2025-03-28,-0.026580319174888345,-0.030160393377224315,-0.04875510600315636,-0.04290822091507418,-0.021239659172325065,-0.0013571164675101333,0.003555439433612806,-0.004030677376815617
2025-03-31,0.019412487140306967,-0.009002007225752395,0.002008794818411319,-0.012764667384211892,0.010088535054301628,0.01019277914522676,0.01301069106300523,0.014223639058661197
2025-04-01,0.004771978062007687,0.018114443192123852,0.015713871159274806,0.010038913682617334,-0.006685675014673542,0.0009249129048698457,-0.07591660485676499,0.000821570526972959
2025-04-02,0.00313633583274342,-0.00013078963881574257,-0.00019098626752167558,0.01998228846583383,0.008864798130521656,-0.003108159464218385,0.013768318446981676,-0.00621478731715519
2025-04-03,-0.09245605599553952,-0.023630214648871828,-0.040244532534745026,-0.08979129298487254,-0.06968514618024324,-0.052582732764368645,0.028707676830975748,0.017049909098525218
2025-04-04,-0.07288746190437001,-0.035565911767431624,-0.03397014996984016,-0.041533565999713695,-0.07483831414310071,-0.07195595972090463,-0.04117124126547944,-0.050118890664111904
2025-04-07,-0.03673422126260195,-0.005502398306733047,0.007898336110236048,0.024912248577988017,0.019783160423292978,-0.013417576455582947,-0.017097385874087156,-0.0214960786918188
2025-04-08,-0.049818177330232194,-0.009221403680552576,-0.013969476288190563,-0.026246667744515673,0.011331737591855129,-0.02108044222411176,-0.004116332661259103,-0.011483565367619741
2025-04-09,0.15328843665210412,0.10133684947503419,0.09682117355552333,0.11977031526306248,0.0805552196317596,0.04991575529693004,0.006466655652821229,0.0248122011838261
2025-04-10,-0.042393787772871505,-0.023406510609056852,-0.03711175044219617,-0.05170070417193329,-0.030852600249576367,-0.05548194532660733,-0.01510249577461964,0.007639235560693569
2025-04-11,0.04059450740721626,0.01861812879348612,0.028268569303755875,0.020141230945248445,0.04002468229152423,0.03212234925880342,0.020445367451592977,0.020481722811841907
2025-04-14,0.022053996592583225,-0.0016475569000955481,0.01228202362260622,-0.014875318183769082,-0.0062658803017511255,0.0024239715510923077,0.017333450047801735,0.013300713162460287
2025-04-15,-0.0018763741147476143,-0.005363495758925474,-0.01735087629404153,-0.013891933050343641,-0.006774070067272153,-0.002805029257157532,-0.004793960949942444,-0.00390233916206173
2025-04-16,-0.03893338032138549,-0.036605948501585495,-0.019064751268838553,-0.029288905919567454,-0.015098878416883066,0.010572376192660826,0.001887719891283668,-0.012346469597698806
2025-04-17,0.013949730279158024,-0.010306522834173992,-0.014152371508445172,-0.009866352335440198,0.010234843914446845,0.026202047835911957,0.023130295557591385,0.02548225704737539
2025-04-21,-0.019392854269901894,-0.023546575764535782,-0.023088193768321164,-0.030647084568839134,-0.012803948677175492,-0.014683868365495067,-0.0034926065848045473,-0.022544741504330612
2025-04-22,0.03406499428742693,0.02144117026668324,0.025733145489501785,0.03502262189247651,0.02882221270734009,0.02800196715668868,0.005289237888140841,0.012850737802955647
2025-04-23,0.024331715299455325,0.020636895884483586,0.02561565572235036,0.042845673527805994,0.02245428137247174,-0.008587235344961752,-0.01502366919109377,-0.012806911341097682
2025-04-24,0.01842603693409406,0.03448262805249769,0.025297585293253766,0.03289029336584037,0.015609399375156485,0.011735021617963026,-0.002896356134244771,-0.03741010955736612
2025-04-25,0.0043673564728285985,0.011748088666825973,0.016825803502671155,0.013133978209558528,-0.004455495311177948,-0.0005522732359217741,-0.0022588578157640704,0.009339723027953273
2025-04-28,0.004109273666969004,-0.0017607482283394926,-0.00833546175370492,-0.006825802991833552,-0.0013550022993203958,0.00055257841018852,0.00498122778989174,0.005154847219554837
2025-04-29,0.00509184705173249,0.00736260111256426,-0.002801841897209112,-0.0016515586767922308,0.005756100587218205,-0.0024854124093623975,0.0036047457832262264,0.002533071927526498
2025-04-30,0.006107731322571031,0.0030961718464534993,-0.00849141722783786,-0.015849304820837684,0.0,-0.0251939385558545,0.0025653822926501313,0.0019106037881404525
2025-05-01,0.00385881850870029,0.07625353781859867,0.015743130825815577,0.031341496782804956,0.0092797183697777,0.0014200840196321174,-0.011835188954012033,-0.01593160164198082
2025-05-02,-0.037361736221225184,0.023225213810350143,0.016924828711466944,-0.0011566836184702112,0.022763108799828347,0.004065159726684975,0.010746850613026826,0.0033754346853387407
2025-05-05,-0.031458456524213974,0.0020446324451217635,0.0010973882831359916,-0.01910722026349243,0.00019805580048148919,-0.027681122765567445,-0.007173834101663723,-0.010528199591616438
2025-05-06,-0.001910697305796516,-0.006557043230856041,-0.005968047629435036,-0.007190832051464091,-0.013105802939071154,0.013944045022484364,-0.0034194237721393295,0.0026441927088121098
2025-05-07,-0.011384748507727971,9.231617222149602e-05,-0.07259694660615545,0.019998985551532122,0.0005616221650219799,-0.0009549901154805029,0.018320843141317544,0.0002511637516688925
2025-05-08,0.006318352713622133,0.0111227163368115,0.019157027630554158,0.01785806262143419,0.01636004779622935,0.013956593831911723,-0.010426065876683488,-0.0040179065929105695
2025-05-09,0.005266151531413188,0.0012779505976792116,-0.009916841609781235,0.0051020185245573835,-0.0015387386491712007,0.011690388482895164,-0.009250757266602738,-0.00624010975849032
2025-05-12,0.0631461813685279,0.024001128949223682,0.03738135248289942,0.08070031092964336,0.027540710984433225,0.01723985002709827,-0.0005187807425152124,0.020550531901918134
2025-05-13,0.010152295700247338,-0.0002670474613925,0.006752444436322724,0.01308471882441209,0.011382553650022276,0.0027481771436643765,-0.03697934586189622,-0.013486589021575512
2025-05-14,-0.0028178117705190964,0.008460591572412302,0.03660752940760692,-0.005298742220089303,0.009999643951354553,-0.008952934543955626,-0.014012448212589845,-0.004472959408207355
2025-05-15,-0.004144435260722168,0.0022560537294320504,-0.008526289926654163,-0.024161720956264898,0.006964038031785025,0.010140473257728821,0.022205564809341105,0.027781273999964773
2025-05-16,-0.0008985839062412015,0.00251580003751406,0.013600752250026993,0.002047074000553817,0.0002618081463854338,-0.0035918964669557907,0.011496629402081515,0.005356811986453991
2025-05-19,-0.011739086232724016,0.01012618061126136,0.0021059593283607736,0.0027725440652370814,-0.010016453201397657,-0.015897918133060074,0.007665247068371572,0.009125509866316328
2025-05-20,-0.009196290225973569,-0.001525497481045357,-0.0153716271071338,-0.010137739138364021,0.0030203169905780314,-0.014276399723220812,0.007672624746873247,0.005279990701591686
2025-05-21,-0.02305911477177236,-0.012222491153521697,0.027930317156814377,-0.014455883280997672,-0.01746473714249719,-0.012291518860237827,-0.0031239259611787196,-0.0012679304019080906
2025-05-22,-0.003612234385890978,0.00505991619664603,0.01370422936546567,0.00984492359983613,-0.0014173040283994576,-0.006656311139123461,-0.003720997479414012,-0.0024178101130886143
2025-05-23,-0.030244329373685708,-0.010288879051247424,-0.014045736941438514,-0.010388973643241206,0.00015330566153215486,0.0005826649493814173,0.0021624436429728,0.00502949591276769
2025-05-27,0.025298341226390075,0.02334624314714917,0.02629543302962034,0.025026113945093353,0.01756754394302451,0.004755799550078654,0.01061716089650333,0.011455294161183627
2025-05-28,0.0010488851004830657,-0.007228303770779765,-0.0031230954168784963,-0.006310081665849121,-0.006785005041522463,-0.013620525743380796,-0.0053508861094340165,-0.002384322775976444
2025-05-29,-0.002345136061230768,0.0028861960236381545,-0.0029008803796397586,0.004787005283780621,0.0033396978674462563,0.005680277513649079,0.007544633343296248,0.007170251667438787
2025-05-30,0.0045011768949494435,0.0036626165043416314,-0.0006981119863982421,-0.0033544115296213484,-0.00139956933793417,-0.0037979170793726036,0.010613397770025568,0.00789030882887598
2025-06-02,0.004231977503895257,0.0034973016005170887,-0.015779824501695794,0.007999607012299847,0.0025002000419291903,0.007331359567914086,0.001224117492707455,-0.012419865464624369
2025-06-03,0.007783842130602903,0.002164620205638901,-0.01686099535906138,-0.004548692041520419,0.006083153078481729,0.007278078314744585,-0.006306340398259613,-0.005542859270711187
2025-06-04,-0.0022136789123287093,0.0019439369823430752,0.011252957131504093,0.007388989179248462,-0.007699079040871415,-0.014450905412345172,-0.007771002652386616,-0.005394055446633628
2025-06-05,-0.010797773237320563,0.008213590216531674,0.000952162408784929,0.0032814165352026414,-0.008591167663119514,-0.004594345340611539,0.0028716971093984967,-0.01898172365746309
2025-06-06,0.016398234280647683,0.0057730785674350305,0.03251878718237222,0.027223334916139486,0.014430221801416732,0.023961419898999248,0.00891582395899193,0.007494029219964338
2025-06-09,-0.012112648419101646,0.005038560888757981,0.01510357536350404,0.015966607137600786,0.0038008136672875725,0.006713484940299885,0.0012900036570449025,-0.00890144299120943
2025-06-10,0.006056171467545779,-0.0038710159349263362,0.014254036552283189,0.0029035159702168745,0.006973109800994637,0.0214346398768106,0.007859317560761303,0.0017224438675176312
2025-06-11,-0.019193789486923962,0.0036099437017573788,-0.006998882913616278,-0.020265629565462184,-0.0016753191231585474,0.019492628349035757,-0.0076063910559526215,-0.004482973492385245
2025-06-12,0.0021129385173963566,0.013224082910214596,-0.009303654342066259,0.00018765734284498237,0.00033553328851043673,0.0038423082139042997,0.0090173554577333,0.006600388419911729
2025-06-13,-0.013805233102505254,-0.008164953306508682,-0.0058623470639056485,-0.0053460859139069505,-0.01226512574160521,0.02178073791706603,0.002808539229149254,-0.017771687318965723
2025-06-16,0.010028016154186137,0.008800750769422105,0.012022838452022233,0.018859028217320217,0.02041882953978491,0.003210826033586356,-0.011966875754811479,0.003743441362823452
2025-06-17,-0.014010672570188287,-0.002295768919517105,-0.0046389126585406615,-0.005923177895162723,-0.003106851217395734,0.013513447305786519,-0.018296597226889366,-0.01466920450601461
2025-06-18,0.004804711122616601,0.004602103204535579,-0.014947308970394424,-0.010706651956707725,0.016473684514293208,-0.007105151575001578,-0.010828253243528763,-0.0031543014182423557
2025-06-20,0.022484525012509637,-0.005913730405531559,-0.03854149808910856,-0.013316402099383007,0.0037962203368118175,0.013340350665852485,-0.006236304063766296,0.006708044497642174
2025-06-23,0.0024874465386104383,0.018014198929345637,-0.008701494868663562,-0.005818118205440093,0.011890883128322649,-0.02580644807038135,0.010214425993363196,0.012257908986498478
2025-06-24,-0.005955226060399554,0.008456773764449421,0.009564899614130207,0.02062648355436747,0.010744935378560916,-0.03042790777697668,0.005749359907490925,-0.00416068444190032
2025-06-25,0.006290559304443111,0.004407236456436037,0.023445294328526378,-0.0036659245365152637,0.009955304497856199,0.00027707395084131115,0.0005913188959991711,-0.008668015533669582
2025-06-26,-0.0027783184602787614,0.010522669077232871,0.016756614568727013,0.024199205109171285,0.01651058188657184,0.01494869558508749,-0.001773113745493271,-0.0021387509098257373
2025-06-27,0.0003979975434207361,-0.0030354445834563926,0.02875405671486897,0.028463559660798277,-0.005679725744074826,-0.005545957278864977,0.0026314706439161117,0.007753867285221094
2025-06-30,0.02034008166750545,0.002964052329135214,-0.012882817293224935,-0.017510092291414314,0.009752460382966177,-0.014444959303354099,0.0022309206005712845,-0.0033778704755227373
2025-07-01,0.01291618357444646,-0.010775838078136424,-0.002213161643116246,0.00487719279454657,0.001724625649672351,0.013357989097996237,0.020752675753148875,0.011925626717124382
2025-07-02,0.02223071084330508,-0.001950958527861868,0.015923585170673382,-0.002449462616694653,0.005474998165430511,0.016569050815901987,-0.002308792842491414,-0.00012404734752891056
2025-07-03,0.005225112731596315,0.015781244910589187,0.004982076909575639,0.015869432167251007,0.01858226783192607,0.01035566457532,0.002892845573543079,-0.0022952580183577265
2025-07-07,-0.016857926854769723,-0.002245249579748032,-0.015262003537611979,0.0002685535903059755,-0.013614877621957011,-0.009714791187946603,-0.004743341752685537,-0.002051842050912911
2025-07-08,0.00028580991356896845,-0.00221012914051566,-0.013745081320238994,-0.018391733064396676,-0.03147581593578774,0.02772029154447897,0.003348905891785936,-0.016261775989725002
2025-07-09,0.005380692590104319,0.013873821642202966,0.012961684876858337,0.014496684294917905,0.0013438950005659756,-0.0034152248693618548,0.0031453773514158456,-0.0023433758471621546
2025-07-10,0.00601490590341025,-0.004031702061665254,0.005661736458765221,-0.0012581953255335065,0.017763739433517944,0.009929632330691884,0.009022248936130683,0.006158012367048382
2025-07-11,-0.005884824586848469,0.0036691797914660818,0.014469230378233222,0.012417933203629827,-0.004615011895828136,0.004350440068408679,-0.005009892931788107,-0.00908574791593253
2025-07-14,-0.012028817972971062,-0.0005960727405539545,0.007603007641392878,0.0029775049161142597,0.0064142963211051285,-0.013081608679259893,-0.0005097718397211182,-0.020948802799184207
2025-07-15,0.002348860273691855,0.005566419101750819,0.002423541500840898,0.0029243814744550622,-0.007447162308350075,-0.008865718002844192,-0.01052167560518913,-0.007023960280321373
2025-07-16,0.005021288884659469,-0.0003954177757257149,0.005329578716258387,-0.013960696164789232,-0.0025475106908036116,-0.006022590588995347,0.061932144957236535,0.006877063746292933
2025-07-17,-0.0006662476741469137,0.012024859240198138,0.0033339435750288082,0.0030915472640284936,0.014274634018463184,-0.0050788486642970865,-0.010923828574547212,0.01229433035314953
2025-07-18,0.005523257552692451,-0.003224620227927244,0.008061849439958246,0.010050026580880944,0.004725778197296249,-0.03483794103622784,0.004417752232003247,0.0034744428121076254
2025-07-21,0.006155875978032466,1.960089324581915e-05,0.027234422990290996,0.014018476542235536,-0.0010300443418675975,0.0025981668704393446,0.0040317310485042945,-0.0004514486162813247
2025-07-22,0.009036224276703031,-0.009390995900055987,0.00652284472759046,-0.007980819043607368,0.0015809234457213606,0.004534991097160157,0.021720787837455013,0.021221835201642003
2025-07-23,-0.0011660977652936388,0.0011874228637833717,-0.005801189652548389,0.003604836070819184,0.018289133558047954,0.012806268711364144,0.006967191854174715,-0.0002527942280587947
2025-07-24,-0.0018211504107996657,0.00990374455639742,0.010198167566789706,0.01725876103762447,-0.0007076921536002256,0.007823248341388478,0.002720221043510218,0.0033486220412912715
2025-07-25,0.00056135978496763,0.005539485854257231,0.005255757839064401,-0.00340177109187767,0.006980449666748267,-0.0035202465337935696,-0.007430959101223045,-0.0032113899837540316
2025-07-28,0.0007949030512659494,-0.002355409249587659,-0.003105852792606001,0.005833005662313484,-0.0011386504431269984,0.00942029636595798,-0.01235888877799296,-0.007517515870086977
2025-07-29,-0.012987608774891357,0.00013661035730994087,0.01646067972393528,-0.007646371539299812,-0.004157147633496283,0.012921673516093746,0.011370507250481499,-0.0031824290302150393
2025-07-30,-0.010507879767783224,0.0013071033263978293,0.003984700339168201,-0.003549595623255297,0.008719349741289184,-0.008681679919466334,-0.005056337097823049,-0.02381713967142285
2025-07-31,-0.007079645239497334,0.039474595073690555,-0.023558780585949624,0.017029402351838252,-0.011314023199069267,-0.00232350464929576,-0.015066285991815698,-0.01576397371865379
2025-08-01,-0.02500355362250295,-0.01760056220318329,-0.014434576127760557,-0.08269617085933034,-0.023190505818372897,-0.017914726814272752,0.015721692622491235,0.0011963513459885
2025-08-04,0.004792908693340925,0.021999130646381815,0.031248187132799643,-0.01443541840985152,0.01689867865354544,-0.020704108574539082,0.02217170365658183,0.0007300345032894562
2025-08-05,-0.0021146466969286237,-0.014729997520210203,-0.0018970201821324473,0.009922070229506863,-0.009821303435251894,-0.001210767286832004,-0.0017538360362646666,-0.0016582880117927967
2025-08-06,0.05090678215297206,-0.005324582094622388,0.0072944440950823974,0.04004677220394748,-6.864606059275857e-05,-0.006807250594004666,-0.000878641893704124,0.015613592310248503
2025-08-07,0.03179364967503995,-0.007810405975390733,0.002192924099354787,0.0036885760119835798,-0.015136432784676246,-0.005257805735704779,0.0055102768285626436,0.004121455650646366
2025-08-08,0.04235793525056386,0.0023039702823861585,0.02493377845961131,-0.001971955504762035,0.00634301849298935,0.008022835940093787,0.010493776167423308,0.00013032378502519926
2025-08-11,-0.00833742561094275,-0.0005171280396297773,-0.0020851329247548733,-0.006241858073597895,0.0027703388354820557,-0.009082448133783338,0.002827083224490101,0.009575874208332946
2025-08-12,0.010872419065924621,0.014316576774880296,0.011641791135678758,0.0007681796954406295,0.011362113862153134,0.0028346682320101735,-0.005983293889800567,0.0007098393022810789
2025-08-13,0.01602444528652036,-0.01636295917072017,-0.00678663191097173,0.01395221168040428,-0.007922276014540763,0.013850953668024468,0.00949183785584884,0.002063366928264365
2025-08-14,-0.0023571690519698096,0.003649547910346884,0.004852401879072543,0.02858923333961183,0.012494536930456768,-0.002044605544777034,0.0017201182911978918,-0.010745737876107553
2025-08-15,-0.005112068529734892,-0.0044212071460423275,0.004730417834598821,0.00021648217457226338,-0.012476234653372442,0.0009399747560947525,0.010988940164025296,0.004032655943814412
2025-08-18,-0.0030226633346253085,-0.005901882097190669,-0.0019616838615760246,0.0019911124801876845,0.003580195200044267,0.002159816456253072,-0.002207881577647175,0.008810655448930227
2025-08-19,-0.0014291944969683223,-0.014175142741905788,-0.009483978735265963,-0.01503309388634011,-0.0029842519350535834,0.00655925770111998,0.008794364933356169,0.017210296381304113
2025-08-20,-0.019734652812962383,-0.007944773568311136,-0.011162409848264332,-0.01842023178556884,0.005435752313595499,0.010333232160258055,0.0058493596157651595,0.007007634330134405
2025-08-21,-0.004911305040181113,-0.0012873388484606618,0.002157310630543474,-0.008310623433453235,-0.0026346876526297525,0.006449866239876201,0.0005031155031811618,-0.004890024063543663
2025-08-22,0.01271681885277487,0.005929672003426312,0.0317396526637872,0.031043025385826706,0.016365191523697753,0.01876772148992667,0.002011974473499878,-0.0003780645921734882
2025-08-25,-0.0026343069945183872,-0.005855302676245344,0.011645474165855152,-0.003932852258726194,-0.004523258598220448,0.004133696128124198,-0.004908265095863618,-0.015881868744381245
2025-08-26,0.00946463359101557,-0.004402542497525697,-0.006475136063216813,0.0033781006590050122,0.012444928150811219,-0.0022373892936607964,-0.0035005792366349375,-0.0011528336283146423
2025-08-27,0.005145918125483151,0.009361843214007903,0.0016413387467419938,0.0017926124405795996,0.0023779608625242865,0.011301512924724921,0.0016996965776374662,0.006347403220543946
2025-08-28,0.00898081290311703,0.005722846222226963,0.020050183169823654,0.0108240705271474,0.005981026202280582,0.00532150840477752,-0.007579494010702348,-0.008346052764631184
2025-08-29,-0.001805954775134011,-0.005788444984373142,0.006000686594289872,-0.011226278216735164,0.0011626017597914373,0.008292919745926941,0.009803245725637177,0.008930156225646746
2025-09-02,-0.010424763463666054,-0.0030985420875198066,-0.007327015906836931,-0.015982548742835667,-0.005706414413285454,0.003499869101264874,0.005023433722845194,0.006049499205949216
2025-09-03,0.038089831791702666,0.000455385449735779,0.09136508994737191,0.0028845707190781056,-0.0006339083965175574,-0.02423919482202941,-0.0003369245796420728,0.001139308798276506
2025-09-04,0.005493356125531701,0.005184473258890376,0.007110011966006802,0.042877945692648245,0.014390143956228396,0.004378556954591328,0.004269673074752456,0.006448867517631074
2025-09-05,-0.00037530576155930806,-0.025532988730748163,0.01162284547240433,-0.014214150326010255,-0.03107096222965766,-0.028202926779439252,-0.001846089226516856,0.005213850124947239
2025-09-08,-0.007551387387481734,0.006464665766642286,-0.0031943429083093333,0.015107797009308976,-0.004993579488187017,0.0056760896357574975,-0.0016813036028643369,-0.006311759880119339
2025-09-09,-0.01483938605882873,0.00042151909861232184,0.023884882329889168,0.010176429751274751,0.016865160426204895,0.0072826588166226,-0.006568231660712187,0.002830050205127943
2025-09-10,-0.03225954103271722,0.003932500081951451,-0.0019197095776530837,-0.03320182790348514,0.009031400700278969,0.016719369299702302,-0.006611658565834122,-0.013232205883244363
2025-09-11,0.014286370691166894,0.0012790818500065804,0.005017375755866471,-0.0016498279850283293,0.016703304356282755,-0.0032000141994823483,0.015416123156581252,0.00813472623849032
2025-09-12,0.01756295951024689,0.017744143492950837,0.0017888802061503117,-0.007827802024989672,0.004418122916877154,0.000178411114435173,-0.002465037607914944,-0.004601948461558258
2025-09-15,0.011235926409398633,0.010707963157335909,0.044892046482306824,0.014376501718361023,0.0064839350803465035,0.0016939425870434732,-0.003706693550876383,-0.006776259325539713
2025-09-16,0.006125890181851501,-0.01226318657999581,-0.0017884451604247564,0.011320962964584513,0.0009387806936733689,0.020738789613595765,-0.005298561202709773,0.007778953183621651
2025-09-17,0.003527257082143187,0.0019250992850845527,-0.006489943102210627,-0.010382430689534927,0.008279778256597092,0.005319146041896872,0.004193520486888591,0.01442589831397978
2025-09-18,-0.004644562289381149,-0.0030782509566056326,0.010018893758405811,-0.0016837898189709932,0.004747428199133541,-0.011796286697978053,-0.017155709095165728,-0.018773709882400014
2025-09-19,0.032032859968438965,0.01864498128386649,0.010673357928135507,0.0010811746080494622,0.004948391365061422,-0.009742855783374305,0.011655973169188538,-0.008136474745958133
2025-09-22,0.043095737653501054,-0.00671911381413659,-0.008597761490911737,-0.016632067201427403,-0.007433792067067735,-0.0070910109984819725,-0.011237926397785869,-0.019033468838005385
2025-09-23,-0.006443219116596399,-0.010146788855002531,-0.0034450761184192658,-0.030400202172415014,0.0009601525303719605,0.017229023497648877,0.013604239322174694,-0.0037238587610448626
2025-09-24,-0.008332388601025364,0.001806598765426548,-0.01796078547157165,-0.0022654160880354324,0.0021744825208791507,0.005353291135020699,0.0006230480838194108,-0.0005244748274063626
2025-09-25,0.018073060767529903,-0.006115863505952057,-0.00546250161924533,-0.00935476479077324,9.572490026932279e-05,0.008990844589932045,0.005885922090155704,-0.0017714661383296804
2025-09-26,-0.005489212856193304,0.008737175342787395,0.0030513844406638846,0.007471945580644679,0.00832647897360328,0.014101761004447377,0.01114046523914869,0.002300291071667404
2025-09-29,-0.0040319034973952395,0.0061391684555711645,-0.010099782998473361,0.01087450815780766,-0.0011705499850999113,-0.025592968947025563,0.010628166654643278,0.006754172514186196
2025-09-30,0.0007860573749713939,0.006510093016419027,-0.0038925435951915333,-0.011702709034319914,-0.0008236504387522103,-0.012869945547446249,0.020922857445968335,0.0007815358499614344
2025-10-01,0.0032203038937570483,0.0033978493450546043,0.00740426941193939,0.004827606336181178,-0.014963669335741447,-0.006740660328332315,0.0033977858708276187,-0.003058861754364983
2025-10-02,0.006576637201686664,-0.007638742799603859,0.0032257855079875775,0.008067800117406154,-0.01017027013830274,-0.006250454896074786,-0.0003762811522031173,-0.0073768212532575594
2025-10-03,0.0034612549164674267,0.0031215812486466987,-0.0013837502899796128,-0.013039023009411066,0.00806379112245037,0.01770151289608668,0.01430264693094796,0.001446830467152882
2025-10-06,-0.005154581092728927,0.02168761724708901,0.020705004948011974,0.00633228292302257,0.002106704824039518,0.008299440439263117,-0.002544552508638609,-0.012215170652381535
2025-10-07,-0.0008180040534181421,-0.008683890354990176,-0.018647898398852725,0.003983725247293846,-0.004819239646801643,0.0005254419282167966,0.0038796230138871124,0.014161261709789708
2025-10-08,0.006160158880694766,0.0016602077633438572,-0.004638662990075981,0.015510877718191152,-0.011895047118442248,-0.0021004591396561745,0.0042353356220108385,-0.012127931344319998
2025-10-09,-0.015577803989301087,-0.004667863386675464,-0.012631850656026788,0.01118907849570383,0.0049337092986971864,-0.009735097294535366,0.007327682697899407,-0.0007299442262601596
2025-10-10,-0.03452204809648307,-0.021898885567497084,-0.020535638722347094,-0.049925397829666096,-0.0151866148751153,-0.01930748970718088,-0.0018839637277260346,-0.0059104994819356715
2025-10-13,0.00974435305541288,0.006047446514153343,0.03204113696529243,0.017100394188331425,0.023530118949580014,0.01363673697733847,0.0009436784654968111,-0.01469703675134093
2025-10-14,0.0004441806313149055,-0.0009337222677795465,0.0053245688871343955,-0.016721987604375044,-0.01912528477724018,0.00044552617294257857,-0.00026180444013501614,0.011322768784414405
2025-10-15,0.006336506208048043,-0.0002726225759598355,0.022733770521946806,-0.003789417568938358,0.01195050884675486,-0.006055790796114957,0.0016767519092160121,-0.011665321241615345
2025-10-16,-0.007579973963228515,-0.003544760875486941,0.001712976285638046,-0.00510277898660183,-0.023389754519057115,-0.008690989239048763,0.004969288536371241,0.01478765491037004
2025-10-17,0.019559481728368633,0.0038506069896917516,0.007317221017344888,-0.006667636156250767,-0.0032825735954961077,0.01446131822267227,0.005725627453983195,0.012032045155864202
2025-10-20,0.039438583313727404,0.006250224614737565,0.012830692405430222,0.016147214372026486,0.01613111159411096,0.00409834043411661,0.0025876538305280583,0.0036989246868905923
2025-10-21,0.002021161098058055,0.0016834246495727179,-0.023738071519987414,0.025637486886977978,-0.017429494953694724,8.879690983976118e-05,-0.009498225825027684,-0.002237605625522554
2025-10-22,-0.01644018580608131,0.005563501984168218,0.00491097199851076,-0.018375903497213075,-0.010030714629819526,0.017744656326263097,0.005524431371720873,0.0038253861016763757
2025-10-23,0.004372292332100125,3.834874323493942e-05,0.005522718388924597,0.014406971477930908,0.0014621903269567138,0.011071442802361942,-0.002436099758659327,6.576540741609627e-05
2025-10-24,0.012481604994716955,0.005858991296820992,0.027027033557872393,0.01411194729592502,0.020031224285313565,-0.005087087650558542,-0.010754920841736904,0.008845377769250984
2025-10-27,0.022791195406501652,0.015106919957981635,0.035972428208606466,0.012309863182682124,0.012348435380442613,0.004766393841001415,-0.000525228500084074,-0.004918282292955212
2025-10-28,0.0007067784700340862,0.019848574336355673,-0.006684602498601033,0.010045375014470892,0.003978273984245995,-0.007848918527516568,-0.017708873764940014,-0.0024384403002001287
2025-10-29,0.0026023570250897077,-0.0009592786985627155,0.0265450922120114,0.0045801659836763875,0.0004913028101329875,0.012344600773871006,-0.001765320660190417,-0.017176472585796243
2025-10-30,0.006303249053230431,-0.029156910325210172,0.025166653841215192,-0.03230569840563213,0.012863815692467417,-0.015113731431859234,0.01312960826593379,0.005444648553430964
2025-10-31,-0.0037951562818203666,-0.015121075262963357,-0.0010304680036752334,0.09584492754129248,0.005429062526573825,-0.002877277552855273,-0.0009520967934139035,0.005281431551150462
2025-11-03,-0.004882115436205092,-0.0015063329682659665,0.008997568518623211,0.04004585509136338,-0.005689031500917374,-0.005246590002962126,-0.013819012239522754,-0.01562802298713528
2025-11-04,0.0036796358788213634,-0.005222027183646616,-0.021782061481776416,-0.018425168014886806,-0.00032331060497625685,0.0033403041564390445,0.00322133313594386,-0.005742521046235072
2025-11-05,0.00037025250608935245,-0.01394052760468567,0.024392753686896862,0.0035295587926045258,0.007857713267444666,-0.004030118393526183,-0.004602404390908643,-0.00937702418666686
2025-11-06,-0.0013696651457605347,-0.01983597948702054,0.001547739553860339,-0.028617121300727022,0.005582719588749896,0.007213223951158643,0.005215094692416544,0.002332249990946389
2025-11-07,-0.004818894404181151,-0.0005632485423001654,-0.020790194478004564,0.005636975040415049,0.0025204552273638825,0.023755556313984405,-0.002139289485510898,0.005816687309748936
2025-11-10,0.004548580566314353,0.018477508945690335,0.04041887258044019,0.01632498741700883,0.008529351485299097,0.008530900926858154,0.009862228389270422,-0.010069430508868105
2025-11-11,0.021601262506795837,0.005296468980217517,0.00417109664964177,0.0028180846386129943,-0.004007744013883263,0.013195684936667673,0.028766968184098518,0.020893431326781675
2025-11-12,-0.006466751071293797,0.004836047590349946,-0.015790900100199345,-0.01967085120518708,0.015176546861379814,-0.01385872320407533,0.0028891026888246962,-0.0035680167857621292
2025-11-13,-0.001901626573266424,-0.015357829434784254,-0.028390990902212976,-0.027108907452568887,-0.034112491501447795,0.00567217525216801,0.004424123184407103,-0.0003377751444776367
2025-11-14,-0.001978282909578022,0.01368988000867466,-0.007753813352628591,-0.012164320933474637,-0.01896745352993301,0.012992572952308823,0.0034826933273703897,-0.0019600507932654443
2025-11-17,-0.01817127205638569,-0.005272698028360612,0.031149208669829953,-0.007754941860691922,-0.010671543130122418,-0.01349655870681532,0.018629081599621733,-0.012527818685810987
2025-11-18,-7.47610048428271e-05,-0.026995524780487168,-0.0025962055061871103,-0.04431653833391602,-0.0031959998506426723,0.011471816643323196,0.0021044775225353973,0.008023534938004895
2025-11-19,0.004187958188325291,-0.013507824429130677,0.030005606051610068,0.0006290693674619874,0.012891982118452994,-0.014114136840912006,0.0125499658464987,0.0
2025-11-20,-0.008601462569680418,-0.01600133102224366,-0.011474968674489383,-0.02492255148822009,-0.016124166946488994,-0.002812120835141485,0.0027652697817071026,0.00816380486710444
2025-11-21,0.019680647235321702,-0.013188948933371858,0.03527380010682246,0.016348913427910006,-0.0012065446683819925,0.0005127606026469334,0.004087228043133884,0.0184222733940429
2025-11-24,0.016317581500066458,0.00398205694787479,0.06313813228539678,0.02532963104830621,-6.709974433860566e-05,-0.009480681209980912,0.010544488133396035,-0.026106522614265493
2025-11-25,0.0038052736187974556,0.006307956259938852,0.015255244752224506,0.0149814363087164,0.016778439870717365,-0.012589498743030392,0.00937721155318405,0.010273473681748913
2025-11-26,0.002094178534708613,0.01784115134584785,-0.010790160699995277,-0.0022205534501759105,0.015313624693302552,0.0022705543238479287,0.004306393793274799,-0.0016162674013848743
2025-11-28,0.0046837961187689015,0.013408861488697132,0.000718869679210421,0.01771686809963624,0.017682915408994138,0.010020087875697747,-0.003083395585486093,-0.0006069900988134869
2025-12-01,0.01524119743713337,-0.010711242234453744,-0.01652193436627103,0.0028299616613276513,-0.013287260150049218,0.00612486667453771,-0.007635849085302682,-0.004859601582267836
2025-12-02,0.010914832876105063,0.006697679538790746,0.0029214907856902617,0.0023088475921804186,-0.003366572161670911,-0.010717659116543987,0.0003896477519707009,-0.010716280925778143
2025-12-03,-0.007128157809805358,-0.025040828559835693,0.01209585009197589,-0.008702300580441968,0.013804105854062554,0.020974189690391887,-0.00043816420763220787,0.00582756088129277
2025-12-04,-0.012141479874668626,0.006509974781282901,-0.006288420119347382,-0.014071797072686909,0.012719117916349276,-0.005602691182195696,-0.01388013007024147,-0.009201795211748465
2025-12-05,-0.006840055245008081,0.004824844083790358,0.011491561738744771,0.0018331725713693903,-0.003353364296213135,-0.005122088906092448,-0.0027163044787669177,-0.01313985747180213
2025-12-08,-0.003192433705098474,0.01626792904501806,-0.02286154054663181,-0.011501761877265149,0.0005394858981067063,-0.0048051671968880605,-0.0015351724331837957,-0.035622192756793125
2025-12-09,-0.0025549528865235205,0.0020365318428314794,0.010710054941190927,0.004539639393836836,-0.04663548081072799,0.01957228585124482,-0.008233257493549861,0.0093248478016692
2025-12-10,0.005772358970110858,-0.027356560460197188,0.00987137368128388,0.016935769749744978,0.03194551491487574,0.010909092098001505,0.03290652141574579,0.0013607780563449356
2025-12-11,-0.002690246960942222,0.010259910209692302,-0.02429659086777447,-0.006471654188885845,0.023443384673624168,0.0,0.016800628837750464,0.006722888583115205
2025-12-12,0.0008990946591842519,-0.010217785106327315,-0.01005017704222555,-0.017760970816273702,0.003591964345004195,-0.006023090659561858,0.007475820684034407,0.014776896818669671
2025-12-15,-0.014984890847580368,-0.007752890903315213,-0.0034596172161823757,-0.01613691637948922,0.0047091697588901305,-0.008920997001540254,0.012241291015919309,0.016031961165856812
2025-12-16,0.0018241281266524467,0.0033065371992535564,-0.005353228726799886,8.989068511033871e-05,-0.013967802574422983,-0.02615494655067141,-0.02273892795806076,0.0005512288659150766
2025-12-17,-0.010087028861802017,-0.0005668181720785981,-0.0321297701987725,-0.005796159688549518,-0.001806348927361312,0.02380544455603384,0.004921152175137333,0.017905121663621237
2025-12-18,0.001287574790797219,0.016508469753089283,0.019344857270350957,0.024811271877659857,-0.006286169244011375,-0.007410001720866921,-0.009603977673704356,-0.01549289770063933
2025-12-19,0.005437411303821804,0.004008424988813264,0.015539306686872534,0.0026019210221046585,0.013450425955421785,0.001287114943697043,-0.009313090252135892,-0.007284234748916152
2025-12-22,-0.009865948891234266,-0.0020579063896725147,0.00852970099786754,0.00475032567966549,0.018536715100009094,0.012511752795076214,0.004603468633660235,-0.012252516738961328
2025-12-23,0.005129713035979311,0.003979983831256417,0.014752396382799793,0.016241329216049705,0.00879007046571223,0.010749018302271152,-0.007428153205194743,0.003433916290003225
2025-12-24,0.005323781322749355,0.0024031674865694352,-0.0008270447924271229,0.001033882544133169,0.009940839366306298,-0.0016746793009211336,0.009719090083901039,0.009149562781050946
2025-12-26,-0.0014972809650131147,-0.0006352171471570855,-0.001846630349570666,0.000602458846315379,-0.0038278093301085114,-0.0009226705923945921,-0.0007219543779483084,0.0017301262383513372
2025-12-29,0.0013167962364342145,-0.0012506892492577526,0.00015945821634288926,-0.0019353042317807878,-0.012686425725559114,0.011921726355147433,-0.00033712573155053605,-0.0011745309070105847
2025-12-30,-0.0024841597541549465,0.0007800873577012979,0.000924924598326271,0.001982123671998126,-0.0010192030648613626,0.0038164696994502645,-0.0031316363582304385,-0.0035969200528668255
2025-12-31,-0.004467463604312272,-0.007918229377188779,-0.0027083397430479605,-0.0073538531116630335,-0.00371046785029705,-0.005372337046501752,0.0001933455862588307,-0.005137014828382247
2026-01-02,-0.00312648029845064,-0.022083474546271464,0.00686904712277614,-0.018715913643268745,0.010117357057894738,0.01919562206373371,0.0019328584596236542,-0.010606464764192691
2026-01-05,-0.013837112595369017,-0.00019023125249939543,0.004410664909989537,0.028962461627345393,0.02629964132678797,0.022095368794964765,-0.014661222215699321,-0.010014764335715687
2026-01-06,-0.01833426835440255,0.011969929315805317,-0.006950255335991251,0.033768107781812384,0.006224686240595911,-0.03438088864353406,0.0023493705511323792,-0.003277019555677607
2026-01-07,-0.007737496605901173,0.010365464492384069,0.024304885542325128,0.0026148877348795008,-0.02277270780531304,-0.021148384010046706,0.013184310033714564,-0.013365860838127297
2026-01-08,-0.0049552102640688656,-0.011086533967845869,0.01074601935574182,0.019581038977249277,0.008563024588912116,0.037302763699893715,-0.00838601827640717,0.025282550115386604
2026-01-09,0.0012738888084979916,0.0024471623168931256,0.009617794295012638,0.004425724253495522,-0.0018193679489144632,0.013831272131655359,-0.00660991215378004,0.0024023403783752784
2026-01-12,0.003392793467145605,-0.004381590565727067,0.010012940142957172,-0.003678565947722645,-0.014277521145921401,-0.0046545667374645605,0.026077526958648845,0.011207517674799439
2026-01-13,0.00307399257312313,-0.013642591882396693,0.012384888710214925,-0.0157016882298876,-0.041881133582052144,0.02023703229344309,0.018739230950654218,0.005437017935208788
2026-01-14,-0.004175458991876879,-0.02398711208289772,-0.0003870027469463633,-0.024526018373191683,-0.009745849792895389,0.02892357479748653,0.02293479898986739,0.014628516445528428
2026-01-15,-0.006731727764257678,-0.005921037090992787,-0.0091115062200543,0.006465239039753046,0.0045149317748736095,-0.008217937595556002,0.004667123074731494,-0.011752782362151382
2026-01-16,-0.010379221191344046,0.00700735398951724,-0.008353810925792238,0.0039466053837939885,0.010379544850873224,0.005885420234549743,-0.004144451449883513,-0.0006914449239870946
2026-01-20,-0.034555586545020445,-0.011612141515025765,-0.02424240347805051,-0.033957825706746436,-0.031138965667908414,0.004388446903649923,-0.0020579537616236543,0.017089939001691423
2026-01-21,0.0038508468560267684,-0.022903313262762626,0.019813657405210794,0.001341980773133189,-0.0023121331059161587,0.02414533121193818,-0.0009165951445768705,-0.006394519031835744
2026-01-22,0.002826561879143208,0.015829429951262686,0.0065777572478440405,0.01309929882528893,0.0052641178593690885,0.0002245462112051566,0.0022017333200761158,0.02649584164973362
2026-01-23,-0.0012482700788880585,0.03282791169509047,-0.007896234233809474,0.020568436457892858,-0.019464496763157202,0.009952107176609992,0.007551795863194544,0.00857778215630467
2026-01-26,0.029713035188522863,0.009292883148952935,0.016253525439399175,-0.003094185824689788,0.011151434326916343,-0.0009632671749322252,0.006132494913357434,-0.004395452049958393
2026-01-27,0.011197599163490057,0.021901777716768045,0.0038707809267282123,0.026256163723313408,-0.002424942828042287,0.014758150477877319,0.013318870872032207,-0.007692911289329807
2026-01-28,-0.007085580156587334,0.0021849328991829786,0.004364154635023487,-0.0068252338521122,0.0015316962350975238,0.005481324808334964,0.014614170340161214,-0.006741249542826067
2026-01-29,0.0071751307281611165,-0.0999315049399564,0.006666385960138577,-0.005267268047532414,0.018785269292614704,0.021296690027909237,-0.0018883398469721202,0.017374751236630237
2026-01-30,0.004646276870277299,-0.007404777983234245,-0.0007390666512366861,-0.010052507834071855,-0.0017296907488322244,0.006334044404567862,-0.00017594133876830398,0.01247504595953508
2026-02-02,0.040581019583889155,-0.01608223045683077,0.01683436116163306,0.015294624385431943,0.0073556250631745534,-0.02121646149801193,0.015401513864166327,0.009356201369075778
2026-02-03,-0.0019627958800989553,-0.028721972051949263,-0.011580282508108053,-0.017863069956986388,0.021775739143063966,0.03851159778407043,0.01018423557623871,0.01390436198689593
2026-02-04,0.02601286642781786,0.007246927253197866,-0.01963435579599293,-0.023593955826118118,0.007686122055548195,0.02685592923720881,0.0058772491656997605,0.009979336781558157
2026-02-05,-0.002097593092373451,-0.049542462425080536,-0.005374778371478595,-0.04420791797466184,-0.022409818542664217,-0.010230900441833612,0.014159569094184699,0.011092047401570326
2026-02-06,0.008009748840153375,0.018975304586217767,-0.025328291524331137,-0.05554804877440456,0.03946348615324524,0.020331257780412226,0.009251945693301566,0.003530588123770384
2026-02-09,-0.01166048390953256,0.031061465218646278,0.004522170418437055,-0.00760748406141476,-0.000930488069534996,0.014491734112910493,-0.005625265021257042,-0.011559870701449593
2026-02-10,-0.003422959769044165,-0.0007979095156083194,-0.017698680633528863,-0.008432323191560842,-0.011859725795086873,0.0025130608184855685,-0.0012152300645732472,0.01112303357166633
2026-02-11,0.006650117732854843,-0.021535541632126787,-0.023918586241750917,-0.013915755650289796,-0.023438421571628232,0.026189084387423733,0.010530740519032467,0.005783301920097239
2026-02-12,-0.04998173910671744,-0.006256685100044401,-0.006303082331273746,-0.021952154485218922,-0.026317534667602005,-0.029767761278130633,0.015320131393375291,0.007562509416384033
2026-02-13,-0.022733450234726726,-0.001293985238056461,-0.010614855457529382,-0.004058180323715632,-0.00029747383395828386,-0.009871235092451358,-0.004498098533082029,-0.007071457848286333
2026-02-17,0.03166790148756515,-0.011113376251159934,-0.01210267861158787,0.011871828009746066,0.015138066396248151,-0.015223895115815345,-0.0004929142467997583,-0.003248672246283224
2026-02-18,0.0017811375828364895,0.006904255485954636,0.004337534684544453,0.018095945812067304,0.005372327181836223,0.03071336442023953,0.0068220308812356745,-0.016859892074875593
2026-02-19,-0.014261551090285374,-0.0005769390090856197,-0.0015824155632001569,0.00034184934085601526,-0.0023641582522772042,0.0019246787699103152,0.007836989707256103,0.01083763666249249
2026-02-20,0.015350449692731916,-0.0030868435621884682,0.04005281867780153,0.025627257563010764,0.008894742952802126,-0.024441991405953267,-0.017901214742469418,0.014001051996247682
2026-02-23,0.006047257970275721,-0.03212252071132937,-0.011080102372493461,-0.023035535309270605,-0.042214981000016416,0.023628491290873965,0.013814946584348453,0.027304408590141493
2026-02-24,0.02239103564464129,0.01178251519260276,-0.0018940250460213193,0.016027637831418806,-0.0012431491035961306,-0.00994966372170536,0.007115489805411324,0.0006659728634905715
2026-02-25,0.007679860855135612,0.0298200264733548,0.006432857285513016,0.00997315810991184,0.02018164272899292,-0.0013398578585576137,-0.004507065528890575,-0.011435203736714028
2026-02-26,-0.0046676776162442035,0.0027958182358562844,-0.01764130042663037,-0.012913032798065993,0.009330769938703076,-0.0034886340611473,-0.006933955783152812,0.002203351970446077
2026-02-27,-0.03213044438249635,-0.022353901512221608,0.01424943596044792,0.01000385652833935,-0.019044222796515298,0.026659598092395154,0.020372067464276666,0.021068666169388406
2026-03-02,0.0020440108677830526,0.014793453501622311,-0.016807887343381123,-0.007666669573102691,-0.009124192158079247,0.011278690083532883,0.000523288532685573,-0.022069335338042784
2026-03-03,-0.003664168116717992,0.013498946894749508,-0.009591575706884403,0.0016315386481426941,0.009073787728847149,-0.015497333153763782,-0.007281952172203288,-0.02317900159688535
2026-03-04,-0.0046635601744375865,0.0031441531290252733,-0.0014821671387289514,0.03875826073047883,-0.0028973861311007987,-0.013238460348413805,-0.005876342371654575,-0.008890500394689527
2026-03-05,-0.008494547048829904,0.013524143668401711,-0.007422642542599611,0.009777672934109694,-0.01950645568892695,0.006274141468621597,-0.023114533632765055,-0.027226771310038256
2026-03-06,-0.010872595974432131,-0.004188164531066962,-0.007843663772585718,-0.026171534044230005,-0.013864685824104273,0.002984939876281789,0.0032132123593111572,-0.002337850728775126
2026-03-09,0.009399570490431275,0.0011003722075924038,0.026985254760708344,0.0013132534612816382,0.0015200188442070495,-0.005092304689750193,0.009109807903278533,0.010349494968902473
2026-03-10,0.0036555398041986376,-0.008915215141642507,0.0022197168869222406,0.00393459326562029,-0.004104646261508971,-0.015354902720048136,0.004616931693298465,0.005089501074187153
2026-03-11,-7.670678451010549e-05,-0.0021688058128880305,0.005406520345286214,-0.007838417021498345,-0.004190830232280396,0.02329025727098477,-0.0029543873127021447,-0.017242359643026117
2026-03-12,-0.01936274610273292,-0.007459038776109095,-0.016683014417014475,-0.014671973697334195,-0.016103083976032773,0.012864530415857,-0.003909677012704615,-0.018392974389354166
2026-03-13,-0.022051876328148423,-0.015701969810701044,-0.004183772956429577,-0.008877013416636048,0.0019441494546730276,0.016869575258289915,-0.002148351321223707,0.0009966849015976553
2026-03-16,0.010794859745288043,0.011123782896491852,0.010850879030806393,0.0195984367511175,0.009596371267614812,0.007109961700376477,0.006914522575214965,0.009757725367657288
2026-03-17,0.005577047742174601,-0.0013502086602691366,0.01754159974009184,0.016340754535353108,0.002551037088385444,0.010048992858355144,-0.020889006544951516,-0.004207248473647063
2026-03-18,-0.01687444479508171,-0.019078100591435554,-0.010388577259506704,-0.024767666852414494,0.0029627028745808914,-0.007682146137123036,-0.003485794183459623,-0.03148926876329894
2026-03-19,-0.003920930967820313,-0.007070176962847952,-0.0018200011968599883,-0.005288991452693126,0.0007994110433215962,0.0036170120053331534,0.001348643485331369,-0.01274629757240131
2026-03-20,-0.0038962445152316283,-0.018379451907360234,-0.01995898201913937,-0.01623874055782004,-0.004896382729087878,0.009547273778944598,-0.0093855479226167,-0.0038662429596962866
2026-03-23,0.014113480475494988,0.002959136952026542,0.003521661147902977,0.02322639327005427,0.01169041039319807,0.009143907680765118,0.0002124274075954169,-0.0020099381280457296
2026-03-24,0.0005964238375686381,-0.026788584000617788,-0.03846919033715546,-0.013800294588880768,0.008588885393816303,0.026376193256980818,-0.0006371468753271214,-0.0057643586063339525
2026-03-25,0.0038944425565474727,-0.004560720873527657,0.0016870180877650576,0.021569200454641724,0.010328370772313633,-0.012818994405623618,0.01980700157751003,0.005308733427591417
2026-03-26,0.0010688333127273353,-0.01366431796733969,-0.03440681152238945,-0.019696817795534227,-0.012727709195087478,0.013291648141221524,-0.0028757579806601985,-0.010422424989977475
2026-03-27,-0.016173068672430957,-0.02513874928256188,-0.02342306677223538,-0.039510442389467326,-0.030240671116531836,0.03360941870519185,0.005057610795283107,0.0020362958069404247
2026-03-30,-0.008721851736991693,0.00613842352061944,-0.003061928559749294,0.008076656164990315,0.0032880699097952437,0.002807163374213051,0.008484159105459632,0.014084412970992277
2026-03-31,0.029031290418426448,0.031229157756083703,0.05140767278298308,0.03642700888472339,0.036614158333540425,-0.010555741608490044,0.00804154027924775,-0.0019347774033976473
2026-04-01,0.007250134515282447,-0.0021611901863888283,0.03418426038221156,0.011043371606930696,0.004147464284507629,-0.052339947978418455,-0.0013091397378593994,-0.0024231334203912436
2026-04-02,0.0011344553655323608,0.011072868751592857,-0.005447446206045203,-0.0037992260242744047,-0.0026406763221814566,-0.0005598211782673612,-0.0044240441335712255,-0.006731923486426816
2026-04-06,0.011487876222620041,-0.0015530146410365209,0.014267800370968198,0.014396667550949482,0.008017762042235033,0.01667803857807426,-0.008517129511906751,-0.002445482056224413
2026-04-07,-0.0207060792616357,-0.0015822508381434508,0.018233945467744705,0.00460553135602737,0.006600039292219417,0.0033054882558405385,-0.010623677748186844,-0.01029628996302867
2026-04-08,0.021301735790709264,0.005479578543501118,0.03882673963431005,0.03499085736091123,0.035541383796725334,-0.0469160615120342,0.012121972862090713,0.025477672356128078
2026-04-09,0.006141348347641795,-0.003365977272341003,0.003687064768298942,0.056045170153601775,0.00766303647176092,-0.007553437836438803,4.1403229871672664e-05,0.012146381284035002
2026-04-10,-3.834482173115106e-05,-0.005897032858082851,-0.003924717522926557,0.020244002182271403,-0.0014822655720735378,-0.01631844232987434,-0.011810497821746035,-0.0102277058466137
2026-04-13,-0.004913954203973225,0.03640089840318694,0.012829389221314713,0.006334400855383171,0.012295471064092123,0.0008524794530593294,-0.0020968116762439815,-0.010884646827238886
2026-04-14,-0.00142758690909639,0.022738477393367207,0.03610221659486279,0.038059130876826774,-0.008161175779035967,-0.022274613211083927,0.008993102697498756,0.005571918251549679
2026-04-15,0.02936295529114541,0.046068533854630056,0.012646066883422513,-0.00208820280916866,-0.0166816743470678,-0.0015411767067384785,-0.005955877761235295,-0.006926251768777925
2026-04-16,-0.011372633634406881,0.02198340217176664,-0.0032629979618038485,0.004828961562342915,0.013140325000793096,0.01993157920727917,-0.017304229491238332,-0.0018830570329746443
2026-04-17,0.02593021154924191,0.006020092104702002,0.01684431209009718,0.003444135445984209,0.0010969392627850905,-0.036452191056455696,-0.0015349161024201807,0.026692700919842993
2026-04-20,0.010435475371396441,-0.011163956243767204,-0.012467774438631563,-0.009099612075002872,0.021592643994152727,0.008467550271490154,-0.014903015584690982,-0.0166064714512707
2026-04-21,-0.025196703995697067,0.014566950244961241,-0.015203648803314485,0.0065651880571397925,-0.012587117439969986,0.004604650712823677,-0.0196367760884244,-0.01501831244601548
2026-04-22,0.026298995241013978,0.020652560845584977,0.02115626211004451,0.021807838295304194,6.386266348834546e-05,0.007683974480842126,-0.00026525308734171027,0.003723949421520656
2026-04-23,0.0009516944880663125,-0.039660934617680055,-0.0012672556948888358,-0.001096486445127054,-0.004248887032602733,0.0068896321963785034,0.020123790467088787,0.020020986133008956
2026-04-24,-0.008667702544387201,0.021334937195510273,0.016258881347370746,0.03493017225717909,-0.010940369069907585,-0.010761917027958812,-0.013657059679457184,0.024609084603500975
2026-04-27,-0.012727861582674027,0.0004710499812119462,0.017247411505119103,-0.010871605831113018,0.010866764359610537,-0.004835155130816782,-0.009494484857008989,0.001484689104989334
2026-04-28,0.011584102768505522,0.010427908679775388,-0.0015984362710370625,-0.005438047398549362,-0.0005775845488592557,0.0159929614507357,0.010872454453272784,0.005188708248856422
2026-04-29,-0.001994705758897597,-0.011159034047451222,0.00045745218860759884,0.012860978748156615,-0.007063773064066581,0.02729808106235354,-0.001931606926378282,-0.018167134734485058
2026-04-30,0.004367659937802859,-0.03929691983619443,0.09961702406520634,0.0076793983730687465,0.012869881928304405,-0.002198226559964156,0.010996319732185178,0.004301444729920112
2026-05-01,0.03239351812191993,0.01633231850252348,0.002312960442559797,0.012072784412985094,-0.002426363180308977,-0.010237822397487384,-0.01157283531794584,0.0011557425601860238
2026-05-04,-0.011815603186417278,-0.0019785964451384253,-0.006326388005902461,0.014128002271583506,-0.015425504225649811,0.0061538941189072105,-0.013160780695197993,-0.02607630368825231
2026-05-05,0.026550690927708454,-0.005415548178495877,0.013515988851422689,0.005513692583370089,0.0056882822516448606,0.00774285199079916,0.006021430537417105,0.010319312135227188
2026-05-06,0.011717924952267644,0.0062715193636264654,0.024740662220501752,0.005264129064761924,0.01777634165642583,-0.039966430551094834,-0.0041232565207839356,0.02070393461950859
2026-05-07,-0.00024350711440246364,0.016450879458010714,-0.00012565985809642743,-0.01389133038400725,-0.027405541600770578,-0.014190627753102536,-0.009393694034258604,-0.012440814157020474
2026-05-08,0.020456497888878378,-0.013427757958591746,0.007060470320022549,0.0055683857848436435,-0.013615382047668101,-0.013712618052667547,-0.005348012936037816,0.0024647447375667486
2026-05-11,-0.0012626705737772692,-0.0059259923965174766,-0.03033924459227455,-0.013532354923427414,-0.006951360678874141,0.035346173729486674,0.0004969667140473089,-0.020898767906437188
2026-05-12,0.007243389265544797,-0.01185000702966521,-0.0033193073752800784,-0.011784761609137218,0.016266682942708277,0.0063469281852877035,0.012780538949712206,0.003836516806753565
2026-05-13,0.013805995565634221,-0.006277990380058274,0.039421737678543955,0.016213969753363422,-0.015186318579967661,0.006240504976167571,0.02746816512514627,-0.011604462000198046
2026-05-14,-0.00220833028705536,0.010414344989990054,-0.0038497776707889786,-0.010772604336833247,-0.0011323774784034457,0.007983012925278699,0.00164921060077039,0.003304282920079782
2026-05-15,0.0067738157309671365,0.030505840389261074,-0.010696401675080014,-0.011526033074604314,-0.0070021208958457315,0.0406589665169379,-0.017721001185035057,-0.00798822322203463
2026-05-18,-0.007960612067346995,0.00383963141857957,0.00040326534105239453,0.0027257161474880665,0.009804954338914929,0.016274109384609492,0.00974811117907426,0.005792131263734124
2026-05-19,0.003793999787491842,-0.014449655975185882,-0.023378884460741545,-0.020841158796957915,-0.016725962143916306,0.012835675045705486,0.0047177950854324635,-0.007655006268437847
2026-05-20,0.0109709963070026,0.008720179231968883,0.00322451056536055,0.021863243262898013,0.02123773594875611,-0.038572772406928246,-0.0029564782698280334,0.00806793605822409
2026-05-21,0.009065310949131433,-0.0025229027109182622,-0.0032141465159613025,0.01301830709151064,0.0033776706290604697,-0.006334818920508023,0.010509290139404381,0.006739619760067317
2026-05-22,0.012557845216167651,-0.001240757398686787,-0.012098216184623256,-0.007971333528174807,0.011155131626443993,-0.0023826075934316737,0.011263116632473036,0.007252500621949931
2026-05-26,-0.001586751960143129,-0.00606830040489359,0.015431995898472772,-0.003867523096163561,0.0011749635936593172,-0.03298477066065375,-0.012103035726260702,-0.010246439369449911
2026-05-27,0.008173125031610828,-0.008076305462157207,-0.00012861975688982508,0.024727646527565872,-0.024320244156551207,-0.012749507330859777,0.004822315777527342,0.031687175199729856
2026-05-28,0.005340207912225559,0.034700793226276616,0.0033434443979794004,0.007908750591183455,-0.00852040832454437,-0.0063555593063451266,-0.002118510305669896,-0.010712602699902374
2026-05-29,-0.001439992937726231,0.05445092515456418,-0.02509425962392897,-0.01226272026117703,0.008694727451698414,-0.011567856078975258,-0.023700178285857576,-0.01610586008179149
2026-06-01,-0.018425943872925732,0.022832265019252507,-0.010438005061361832,-0.03465860321873382,-0.00912101502988949,0.028363007929087303,-0.008077074998576239,-0.022847581743362433
2026-06-02,0.029022933365852488,-0.04171369737114239,-0.03857903067859958,-0.0181429249589532,0.014768376428344165,0.001204931516252561,-0.0027739033261375834,0.003849504916032087
2026-06-03,-0.015672595971098935,-0.03165575513355168,-0.007903866515702074,-0.02533909644314114,-0.0003654484140258596,0.0198582593553438,0.00157030869251229,-0.004473830777199206
2026-06-04,0.0031264139436979477,0.0016614205577816232,0.03676987830078726,0.01507874949703436,0.03337214007390554,-0.0032125188296440177,0.022083822587668722,0.004208547882273095
2026-06-05,-0.012498841728371679,-0.026585620113925623,-0.009833745219524848,-0.03057644001781823,0.004760463183173025,-0.013943667526989167,0.02016043362593889,0.040914864020321406
2026-06-08,-0.01887156849768501,-0.011831960627074034,-0.013575520711203493,-0.0032922715222234444,-0.00403370933611058,0.012206522501370776,-0.0026206151959233814,-0.009826581469848161
2026-06-09,-0.03644631040831148,-0.020231181740505533,0.002614880442088685,-0.004200304926880172,0.005110819100428321,-0.018714967630251267,0.020847675144487265,0.02460366585293472
2026-06-10,0.003544996808021894,-0.014997194555478321,-0.021632912402002935,-0.025349123139844942,-0.011384705531244932,0.011483388711468034,0.0062869430091310186,0.0025560293770952036
2026-06-11,0.013889904990249002,-0.017666572560045224,0.003900286525099661,0.01474787607914263,0.014071214918212505,-0.026689610569593958,-0.0006709030081931688,-0.00476354712733984
2026-06-12,-0.015221729613622226,0.0010247320290952544,0.005338635773713296,-0.012256186172015071,0.023062972380466507,0.002796646563785421,0.010657463460824967,0.008561441983375273
2026-06-15,0.018170605764429082,0.023084454513702557,0.02688504677670811,0.031314194613874635,-0.004115762407067347,-0.04142572998740868,-0.021629889818959747,0.005681479179519666
2026-06-16,0.009513449426140408,-0.014833957996038927,0.010559073594251789,-8.13115686266741e-05,0.03675648395834963,0.006670468731338586,-0.0020368793128611173,0.01349194928029851
2026-06-17,-0.010994446379867018,-0.03788432424867805,-0.0253449201743553,-0.03455284552845528,0.007006029788044987,-0.007895073398905494,-0.004167002968190725,-0.012656619221230403
2026-06-18,0.006960626705947437,0.0012931572923366996,0.011655048612615904,0.029010523745888195,-0.02471058131567505,-0.020818586188790733,-0.024807846431687874,-0.0011954880359984488
2026-06-22,-0.0033555919842641613,-0.03178702623248908,-0.04986008250517615,-0.047465142323687703,0.019248538657303582,0.0047892291836719725,0.012697552012935542,-0.017954595819672292
2026-06-23,-0.00912434558954689,0.01796702283800511,-0.01015210440209613,0.005670378290686617,0.008024627651587402,0.009099404172226988,0.03368069856478706,0.02153309921643709
